sample_id,S1_LagoTota_caudal,S1_LagoTota_perdida,S1_LagoTota_volumen,S1_LagoTota_presion,S2_RioTejar_caudal,S2_RioTejar_perdida,S2_RioTejar_volumen,S2_RioTejar_presion,S3_PozoProfundo_caudal,S3_PozoProfundo_perdida,S3_PozoProfundo_volumen,S3_PozoProfundo_presion,P_CH_caudal,P_CH_perdida,P_CH_volumen,P_CH_presion,P_SUR_caudal,P_SUR_perdida,P_SUR_volumen,P_SUR_presion,P_MODE_caudal,P_MODE_perdida,P_MODE_volumen,P_MODE_presion,T_CH_caudal,T_CH_perdida,T_CH_volumen,T_CH_presion,T_MODE_caudal,T_MODE_perdida,T_MODE_volumen,T_MODE_presion,T_CIRAL_caudal,T_CIRAL_perdida,T_CIRAL_volumen,T_CIRAL_presion,T_SB_caudal,T_SB_perdida,T_SB_volumen,T_SB_presion,T_PORV_caudal,T_PORV_perdida,T_PORV_volumen,T_PORV_presion,DISTR_caudal,DISTR_perdida,DISTR_volumen,DISTR_presion,TotalEntrada,TotalDistribucion
1,288.884095052648,0.0,,24.924014715980064,11.965370409890886,0.0,,25.575334534475747,8.416244572307294,0.0,,21.54812809000509,351.06390766674934,38.09343829672822,,47.053711116179684,50.72528358232448,64.10870884232092,,40.13264442191415,29.203847007111662,61.29947223957153,,27.628248476542133,104.41114352663058,2.035765634874615,10000,37.32719980793863,22.959873738326124,6.90773336236334,856,31.44212438975529,10.582638158705455,6.308966020129079,350,41.620668802676164,12.53451609587946,6.935625257758149,400,42.328224127620615,5.98203346212634,9.917014045347564,60,44.01575526534708,276.4041061604152,0.0,,40.91634760275719,309.26571003484617,272.2560138072695
2,284.85916553265275,0.0,,25.394434382907534,10.724756692388477,0.0,,20.945287063340185,11.951621941679775,0.0,,27.517970962966945,356.158507104687,35.16871119263759,,45.39971660840908,59.25878988103264,67.63022982416996,,41.64992725159532,25.64899948020155,63.52863552540057,,47.24380045821017,100.95538853541692,4.7697551419452555,10000,27.647099488038492,20.985185749189743,7.922562066222729,856,31.23845087858399,10.107995544201842,6.108856575869108,350,46.34215070625213,12.594782442956461,9.538996023662966,400,44.898884801854535,3.4879885355572235,7.757136176403129,60,49.42787115288442,296.4068566755507,0.0,,50.99351620617855,307.535544166721,288.6515886594766
3,276.80445341651694,0.0,,29.79608735996485,14.532602705596481,0.0,,26.08417398482002,14.120733919037733,0.0,,20.824021146183046,353.97140614915384,36.921441371883525,,28.61684326691305,54.22027995923951,65.21677798581288,,43.85217901718542,26.958642592715634,63.469641553956194,,54.56749758893588,105.17986555328447,2.238669729672599,10000,28.160524556427962,20.655838952960384,7.945939689353592,856,48.254656250127326,10.39074824492307,7.143816360692184,350,33.44292590828316,13.387913793202625,8.806662246383617,400,43.78460483773372,3.860375107524187,6.732473941873322,60,40.120408803683105,290.72641835618225,0.0,,45.798254882670676,305.45779004115116,293.28605336789406
4,276.2662562671915,0.0,,28.75969933052402,11.393378921213431,0.0,,27.433324061836714,8.470041193510701,0.0,,26.637175496806528,348.1280292294972,39.55595280045713,,28.523226959108364,57.484880652253906,63.38178611633891,,36.38037932913097,28.16245765774593,64.88731262131249,,41.61563554784955,108.5315934139519,2.6742632894192924,10000,26.583588624466163,20.65315736054215,5.8988403462058825,856,42.723220935071126,10.318279723255543,5.651261829801423,350,32.18474011419512,14.478399961311911,7.012914341618304,400,46.22032419613708,4.576112798239196,6.828154380449234,60,53.97185888012214,305.120150227655,0.0,,32.414498675975004,296.12967638191566,269.6664588622354
5,258.19023309621565,0.0,,29.304470016843467,10.886503831519462,0.0,,27.64178008606946,9.973138405818819,0.0,,28.920482360401053,361.712918218652,37.34183944196376,,39.89687158692919,58.096497029617595,65.4404595467093,,50.22527516080779,27.275565653645202,63.69891611310829,,41.681531300449706,101.2229892027339,4.044783414114235,10000,40.49169158385686,22.374084209329546,5.543737920350574,856,46.93023494386954,11.561986639754203,9.299891510328637,350,48.53410821139383,10.31603083822927,7.260002768037386,400,37.58780278895348,5.736113650639466,9.343999131384365,60,54.030330158284585,288.6708941906932,0.0,,28.76411333238196,279.0498753335539,277.40930531532877
6,290.41470167190516,0.0,,22.065454082727484,13.399273130457987,0.0,,21.894143287722205,9.365198742873217,0.0,,25.487212736345057,362.07671471858896,39.686850125456886,,52.22060875274143,59.03059732926195,67.40530714890129,,49.32446931887714,27.114954872822064,62.69212218563295,,51.54396516151167,101.06204316727928,4.916089220917568,10000,29.751848640150914,21.855424607588997,7.840257717444182,856,34.087237926837894,11.124727767264668,7.233254795212005,350,41.028398544620046,12.934021826688008,9.111031739524815,400,29.565212968827513,3.1701897871607048,6.445005973997847,60,35.65925123124223,309.81215759147625,0.0,,40.4628442244499,313.1791735452363,301.84377286746235
7,273.997878429517,0.0,,21.53793823590709,13.605116636882478,0.0,,27.730232815380653,11.814547727001433,0.0,,28.255752966662946,356.5229688533658,38.37181703956292,,37.31514590159631,55.75376323161504,69.09087357103752,,53.31452030738936,29.964989447772744,61.95790617423049,,46.57093642640741,108.7326855152711,2.1427236000124914,10000,36.605925785354714,22.871800119127773,6.0407434153441475,856,34.002884771257165,10.378357739175643,9.395242703996828,350,44.878023141821586,10.661555113073454,6.482781374052219,400,43.639288146483594,4.045720832050907,8.664513215652804,60,32.92914718786209,271.37730304126,0.0,,37.59522700480717,299.4175427934009,267.72740977735486
8,251.49156667586723,0.0,,23.77476107199443,16.388045812757667,0.0,,28.30920246799773,14.806458333169628,0.0,,25.976533651303306,353.77747737029284,36.85723437714238,,30.327537574009206,56.49816319688083,66.5439850667163,,42.78880115274062,25.649651290292272,61.77911576325096,,29.931665813495474,101.39096280236258,3.431444718988046,10000,46.04174824146632,21.52532426178407,5.118705186559833,856,43.905331199772355,11.611231118546947,6.215806624169739,350,29.75573464048127,13.288654520196182,7.620424588788462,400,31.388356306178178,5.900999355138801,7.887591060828623,60,43.40155990515647,266.4171390515022,0.0,,53.366368780572735,282.68607082179454,307.8047871363248
9,262.07835670620346,0.0,,27.843754364054316,15.76046162065687,0.0,,22.72843319527978,11.115337429541764,0.0,,23.331888454284034,344.18910769021073,39.71073725735009,,36.32641360723804,52.58217906959002,69.62215596233587,,40.42948703993337,27.926427046496986,60.89207728491701,,50.37005129233426,100.79295340497521,3.5042693001910705,10000,53.97275792100136,24.913117056229225,6.01226042279846,856,26.54147504750679,11.246254342293753,5.981774543080367,350,52.36683419380593,12.293582888832665,7.254360297976255,400,42.34572611604491,4.827875007128992,7.269701441476679,60,31.396882668054538,303.2533506216245,0.0,,52.5503529873434,288.9541557564021,295.5429545826471
10,265.07963673095963,0.0,,20.88729059754323,12.335509498501441,0.0,,26.365906219095393,9.149447545360646,0.0,,25.325819356472806,354.86473906585866,36.9946744320129,,28.51246907102999,58.73276173658524,68.93892309802858,,25.71829869625471,28.294963144225992,62.186182812043896,,40.23860481404396,101.84489748697139,2.27746374261874,10000,44.23923011404998,22.37167134285238,6.826507755990138,856,45.53888277582707,10.599341212751238,6.009209453619323,350,40.0418269837824,12.671861698389339,5.91368190137483,400,36.73288846953267,3.0775998934189523,7.640142484702934,60,34.6186536589046,257.51835070240094,0.0,,37.567683067966925,286.56459377482173,256.45625035831694
11,273.1730039587603,0.0,,24.61254359206904,18.326264135312982,0.0,,25.95532051022849,11.249361814416481,0.0,,20.98505521370554,341.19352657991885,35.38120669279749,,54.50003553059106,57.85211726325115,64.76103342570264,,29.70420835587126,26.1916362133391,60.41165593116229,,41.27690511645682,104.82731405758899,4.484080952533314,10000,52.76473834079617,23.42729824099268,5.280408911009175,856,40.38310219906736,11.33316098074452,5.968228427871794,350,44.89452360748058,13.028944071565018,6.789812965964389,400,36.884285544785065,5.513215683349555,5.189088588741991,60,54.64282048017047,264.1969227716511,0.0,,36.67754991805713,302.74862990848976,277.4648146841026
12,286.5133011388262,0.0,,25.50144789423807,11.477527887940376,0.0,,26.564083376519605,9.92097996563556,0.0,,27.34189435581232,364.6437952541869,37.43347888922523,,25.007872721975357,51.29414649942757,69.08265823590855,,33.87376944752698,25.577747308243122,63.05109095198271,,44.03240715131418,100.25016984517967,2.282892239215761,10000,35.73368948106547,20.64070562248061,5.7477568482373576,856,40.35938104019493,10.264178537972699,9.759103734068791,350,44.937193214957134,10.746626975049399,7.197308770882562,400,50.802627589853124,4.041510957170523,6.13258689014883,60,48.876995609843156,251.37592720357202,0.0,,50.72219243787181,307.91180899240214,267.8294316802757
13,260.988649079401,0.0,,27.876550851297914,18.321839479862014,0.0,,29.87597547479228,9.843662468967711,0.0,,29.605080335329795,343.71302702773664,36.30507391404392,,37.1364293457175,57.91455452988885,63.799351227963065,,46.968376494996974,29.71412629581697,64.4836726697487,,50.36060491589018,106.66088289256217,3.8970456392218558,10000,36.99094366972936,20.445985031814015,7.502939874378651,856,29.066103106789583,10.172424133734147,6.470715263843326,350,27.088020076390933,10.741930427082224,5.666012291741365,400,36.13678704593934,4.73098440182322,6.885146552456472,60,39.01403454237601,308.0549077655017,0.0,,49.48442150799899,289.15415102823073,270.2326417014606
14,281.13855963137536,0.0,,24.711736941046674,15.3025004960338,0.0,,22.608914972823445,11.6949239069531,0.0,,22.584778319178284,357.4061368604817,37.24644590982928,,35.48579725772484,50.37705667618149,66.9593691986413,,32.40244297107671,27.943422483558212,64.50085784686934,,37.030987517158856,104.18140460630741,4.908135738730481,10000,50.07635453138616,21.01344733125671,6.637508764305542,856,41.91964126100565,10.676517998520952,5.257942533259149,350,33.6771681576588,12.866408412495375,9.610272938484199,400,33.66452526119578,3.571892429642709,8.872550283960056,60,28.680156038682128,254.2175933222347,0.0,,33.60334755264839,308.13598403436225,258.3780140276607
15,289.99382601029527,0.0,,29.902065241606838,14.439845557176337,0.0,,27.142984249409572,11.351091881805559,0.0,,28.388616914393918,356.2496829761889,39.72761280437804,,47.17622447034185,55.31017236653217,67.26291178429017,,40.461889227603955,25.817293124938484,64.793440856574,,53.132516309717346,108.36188467940704,4.450650025180289,10000,28.921200296322183,22.7691406753896,6.029162646416992,856,50.89975719148958,10.025036184091228,6.192387368022834,350,54.65474156630958,13.488346749287922,8.724839836302577,400,36.60773128770336,5.8226827169515945,8.219357667802337,60,29.898737107790396,283.0407835866681,0.0,,38.03635244969278,315.7847634492772,304.6608736798872
16,271.96199536130587,0.0,,29.121384515625287,10.61605091596295,0.0,,24.795335846880874,11.135179019218754,0.0,,26.801177617238707,356.02591726445064,39.09815131639318,,52.554925916737716,53.61425522696855,63.655228458986045,,50.40704531302098,27.620879577463615,61.80865076925879,,34.14317881704367,106.64944167337373,4.852593672461381,10000,41.12770853588904,22.195221046924363,5.02860577807496,856,41.13261435828089,11.951696079967478,8.951663187306398,350,52.279304042046,10.342106391057925,5.0003517836549625,400,38.40700590524523,4.157357170876882,7.652419774071137,60,34.45157379177503,259.2314906165537,0.0,,39.123871688403995,293.71322529648756,291.32876981791617
17,274.49750304251734,0.0,,22.466988275015275,19.515283811997367,0.0,,24.503879891228095,8.954859559476937,0.0,,23.834795723121214,349.041756222414,35.457661039411946,,36.312119209488486,55.1149865737857,63.08003785430398,,46.21743644066246,25.382973025854756,64.71570947762056,,44.82593757856574,103.39125719813362,3.3128120244347747,10000,30.629084363593417,23.14448576071925,7.458586797945058,856,33.09869283878727,11.748391826840882,5.653045456714091,350,33.42750107086708,13.76451801648152,8.621030428407112,400,44.78969369364799,3.764090285325097,9.108021014026148,60,43.240909282890996,251.03248201477294,0.0,,25.483911148503793,302.96764641399164,257.3064167971054
18,250.8370386929263,0.0,,21.54704365673957,10.224606716062791,0.0,,27.151257437300156,9.444236599408088,0.0,,27.92071175167485,344.0547836815662,39.682807802566984,,42.98793695710977,53.99409216973227,65.32818857057232,,25.290345221927918,28.15786752259298,61.1102825538979,,36.26215294801885,107.14598308714866,3.7141424955269513,10000,46.3786092637005,20.81534618200184,7.035194813565099,856,36.23379018375681,11.944311766370813,8.101320797536701,350,35.14570796554821,13.060439777367565,5.887837971155645,400,32.56875780714762,3.6998654763716985,9.22568304379141,60,40.24264325845455,294.2324146774662,0.0,,51.247940080744954,270.5058820083972,267.8004560113144
19,264.2855844878533,0.0,,25.073588840579028,15.629238898347136,0.0,,20.07849625095565,13.91907687126129,0.0,,27.022597607663805,352.22137899815505,36.364705081889795,,53.753781974872865,55.45480604808802,68.96143040883507,,44.80374669104528,28.668932680548007,64.7467889842026,,52.06724318542106,103.90815103062977,3.961342781851215,10000,50.04883485003738,23.02267069717017,6.622837658017072,856,46.9812000457507,10.5523662635862,5.441840671623029,350,38.268416946124404,12.909326825115523,7.6678027221896805,400,29.247260174389194,5.537886801473336,6.033998173420347,60,38.92970241557185,282.0664394614847,0.0,,43.92104981579347,293.8339002574617,261.81575770903396
20,271.3699306880442,0.0,,29.535134179357364,14.381293678760352,0.0,,22.951244559578342,11.962106244463774,0.0,,29.73498262568809,348.26840807557795,35.82527718565518,,49.156856084619996,52.75151730717994,68.54734748962153,,37.26146944108946,27.061561466974236,60.84757660500312,,54.81682473575446,103.36300105711226,3.2258531533252266,10000,53.704395676523106,24.737294950816477,6.892662326972438,856,36.910427976598854,10.983812466479838,9.221936943413152,350,48.3500017582174,14.142853734387987,8.745748398713966,400,51.45520635480127,3.0685960956725604,6.101105964166334,60,47.912955625933414,254.20115084968384,0.0,,37.58809337911851,297.7133306112683,289.07867264890444
21,268.7311235830422,0.0,,23.002077728546745,11.782963293857128,0.0,,26.80776414362672,8.759857178775569,0.0,,29.31735003925934,348.7802140992432,37.82065816492399,,46.68671814630471,58.98014340739957,65.66366201781275,,30.32891976241745,26.578822815385166,62.16226912170511,,31.32178404074809,107.69558044432607,3.4319259351246183,10000,47.03426465280222,24.239261793803294,7.648542982234423,856,38.97856778054822,10.12771659861584,6.763672307266802,350,54.66185135160354,10.635151580662141,6.349253188737209,400,37.059158841058206,5.215277417967009,6.449773090606319,60,46.14649307752649,307.4473682155263,0.0,,49.28600203842243,289.27394405567486,276.61865243759365
22,299.26803022542083,0.0,,20.14685289102996,17.3567832751785,0.0,,21.432515538998235,10.660776442232669,0.0,,22.1020605280885,341.6669476399696,39.981940687751475,,54.729276325703815,55.19401057241032,69.86438376818258,,41.19013636413004,27.632350830101508,61.09526425290788,,50.68963880606232,102.29522419518985,3.2672665695386436,10000,39.787163150603796,21.363512786687593,6.501988811167965,856,38.900445373760746,10.656996858392363,9.404844747623065,350,29.125493799496986,11.500589413849854,5.6937759574241635,400,30.425609067177618,5.726148764342265,9.930135601416115,60,45.0830214713768,304.44680132259043,0.0,,35.01035286417649,327.28558994283196,306.5654313613451
23,271.78422798355933,0.0,,23.470592905942727,14.784958887375975,0.0,,21.585582765030136,11.89160379033185,0.0,,26.715885615883646,342.56110478225565,39.490474162296394,,53.37094021585265,53.616930478895156,64.62744103654066,,26.011909142654613,29.399951576055113,64.97349613747582,,41.057366916837566,106.54806741416469,3.9154559248267313,10000,54.682075047159486,21.18020176852415,6.252660738540422,856,35.183543879654486,10.623968201330431,7.625517736580303,350,30.45026900674841,11.027442977348814,6.14181802265528,400,50.4453701046741,4.5396760123844375,5.174156661375729,60,41.40977285304493,265.55795049682314,0.0,,41.93929958628104,298.46079066126714,277.7081460676099
24,263.85981453859506,0.0,,27.780817025096002,16.90256107972013,0.0,,29.97564215970513,9.719688568201224,0.0,,23.76681945092773,364.71975755661384,39.920679249147156,,25.475557863071202,53.575366090840795,69.65358391538342,,42.2602517738121,28.16590745645331,60.50686320516534,,39.886779873792406,104.8937582465602,4.085131694842022,10000,43.86490849065893,24.511439443785285,5.1808422072365135,856,47.18800814407964,10.66331441904073,9.803503859635892,350,46.53690813365163,11.053604187265861,9.235843836859981,400,43.55055062742312,3.7704882315984936,7.6837925103665,60,53.90884070044155,257.6334600871512,0.0,,52.88263995894427,290.4820641865164,267.72312908051356
25,295.25134491199356,0.0,,27.587038516268496,18.374237715224858,0.0,,27.077261855562618,10.572190507926122,0.0,,20.246955581656493,345.34589498147096,35.70087153145994,,37.690684388336194,50.336973185769686,63.562539523144736,,51.35617718840422,29.671507148881183,61.819360120720006,,53.7283852985792,107.18966673227006,4.403860049634386,10000,46.88863858140054,20.712107193286155,6.413718786795736,856,37.80494019127217,10.39666166795596,5.609984214397886,350,33.2279066336997,12.401537457574062,6.749937813966113,400,29.108851450848704,5.672045303686787,7.876886608727888,60,50.76905893635832,263.0409753196746,0.0,,32.82630264815155,324.19777313514453,257.9299452582172
26,269.83516443409474,0.0,,23.79634343283523,14.674683476487548,0.0,,21.757746305060575,12.309230482540972,0.0,,23.67510286065612,359.5233149703497,39.52724978856365,,42.68371267773094,55.44248382789419,64.15146546218571,,41.86454132606258,27.027229275196905,64.25401290413501,,40.53761970090753,108.06561324759821,4.08774052682363,10000,39.365404555955614,23.147255330124107,7.675072613506439,856,42.74862604075498,11.086675499301949,6.888015887528564,350,34.36561864666558,12.351996325717057,6.778226018125037,400,48.263588188946784,4.179951960482816,7.458319043671617,60,39.98545030245529,306.7954222262048,0.0,,51.425069175563294,296.8190783931232,254.48499635553875
27,277.39375236474814,0.0,,24.057902111908902,13.427674138226067,0.0,,21.0107439212568,9.000596795338687,0.0,,27.882294078131117,355.27259808302097,36.95352690228824,,50.93306045643159,50.5868818034474,69.96281731747551,,47.31781772925651,28.509561366620343,62.48064884383273,,48.57436615857799,103.06062802785364,3.104965810537095,10000,52.5587922351517,24.88900064172679,6.384632855802096,856,49.619280261103775,11.668197761302451,5.419811874772053,350,52.83446107136313,12.618988049591467,5.8398534576007135,400,48.53525469823169,5.794169923435923,6.657711506236922,60,51.37400299008905,304.5472592125666,0.0,,52.9987780372974,299.8220232983129,290.8052452945275
28,278.4221632385176,0.0,,22.67264400286027,18.341744610489226,0.0,,21.8287389570246,11.368755751149196,0.0,,23.127747768177535,347.0762727320231,38.60818639333957,,50.529144335319884,52.730345843470964,63.040388427185476,,29.108278718195123,26.472968453805382,62.23988487469578,,26.646420686379933,107.49969809897463,2.570520900687504,10000,33.93750935366743,20.757991432165646,7.779784985689059,856,27.393474412976552,10.02504922174948,8.561244296494337,350,37.21984276726758,14.740874542585244,8.589168489277881,400,42.5687170078112,3.870332977458555,6.834980084070759,60,31.029953550382295,275.51683820764003,0.0,,37.799959226681565,308.13266360015604,252.31160895917904
29,272.2139953097567,0.0,,21.498336196636473,15.228097903916623,0.0,,23.97790086998603,12.972959917884157,0.0,,21.697156430897635,341.22713888003676,37.015056697571985,,49.43347537359386,57.229171926306435,66.28540809622592,,26.561478300685348,29.583659860660745,63.88001590079443,,37.36304583252693,106.0086849360788,4.172159487199872,10000,49.54690098549695,23.930321207402375,6.095064460787946,856,25.631657699088983,10.197563029821783,8.772462790291746,350,36.65877994578683,10.73167607546855,7.192100981326295,400,39.2064702816375,3.0764279185692436,6.227113007321172,60,41.63689739011467,279.29480303728286,0.0,,33.44246661290535,300.4150531315575,285.60029815241836
30,257.75963015788074,0.0,,29.394421476463073,11.065881576426893,0.0,,24.770023199304685,14.832713399592134,0.0,,26.247731063560465,353.904794123372,39.54098134747624,,40.12798062273834,55.0753230656384,68.2032351143797,,40.07414069962893,27.627670306726124,60.144877755078774,,46.907915562470805,100.95779716871023,3.6047430149075934,10000,26.44243412380319,20.007226329375083,7.894675315620972,856,31.193904450506807,10.464682289611211,9.422445536208757,350,31.246966043796796,14.579994780089496,8.894044714531539,400,26.64802347377211,5.1947102563180945,9.862360568332956,60,46.6666394868953,274.7803810382462,0.0,,25.537404658189114,283.65822513389975,292.71046038728707
31,258.1883306701121,0.0,,28.361359098641678,15.961879706027803,0.0,,25.246422500853583,9.698357319213994,0.0,,23.16202544977767,346.40050024913575,39.312189707326674,,27.678888914961224,58.068416477506446,69.84138648853335,,27.430909434900155,27.873009864180407,63.31134611206459,,32.65999538126578,109.32668092500063,3.046973678704977,10000,47.487343313508234,24.786658360675677,6.829758014391766,856,40.02532277809396,10.797262453876426,9.19143048344278,350,35.236693563922,14.963760099380197,8.160698217262329,400,46.98097586925702,4.8237922903608546,8.083719427717668,60,34.74175384310819,269.0103135910048,0.0,,51.62922860959485,283.8485676953539,254.85326204549384
32,268.18351749886165,0.0,,27.858118198721336,11.577217199688416,0.0,,24.4507033778407,8.938351131287545,0.0,,29.596816222438207,351.3797403104623,35.9468387925636,,42.181792804682445,50.75801053750806,69.34680046982692,,53.65124479607441,25.687128507407042,64.63502502550786,,46.721455990102896,104.28067334585408,3.140182624744528,10000,26.07227337616648,22.477745416475333,5.306970482903531,856,37.006452382412554,10.64620559435274,6.588925184049887,350,48.910826115254665,11.95331551746484,9.30186967651346,400,43.036770080568665,5.287673069743348,8.961804453981358,60,29.629743801768015,278.2062102262151,0.0,,33.63580126572516,288.6990858298376,299.04019547219684
33,278.5024718404209,0.0,,21.445542756553483,14.968357550725786,0.0,,20.011522132071395,9.073969968281167,0.0,,25.62848928379733,360.9725206638086,38.21214660511814,,47.50918590254218,56.812029001775194,68.11310296297788,,44.66557560131129,26.073157616770686,63.66267058946124,,54.33057286092142,108.07116177391062,3.882568190174505,10000,33.507460398440884,21.198948089294124,5.071704110666366,856,48.28954145162284,11.721367373019326,5.151050691775318,350,27.417624891115157,11.007793232625739,6.25977508472932,400,27.847588255914765,5.877269799255805,8.322433915095946,60,33.31175824633465,299.7474014481188,0.0,,52.18810385371127,302.5447993594279,298.5368374272074
34,299.31704764749924,0.0,,29.4231301342379,17.62082506005828,0.0,,20.587271866723594,10.64903217667928,0.0,,27.000043403150023,359.03994642443956,35.76162268770868,,53.84009414716579,58.02584412931175,68.8106882823644,,30.633572155210498,28.146723083266078,62.45332990038048,,25.908420502866964,109.45180185144122,3.175586023017975,10000,28.548008614046985,23.96123724528396,5.324728439995464,856,54.724892294612246,11.240142557233769,9.993878440066378,350,34.556439388786856,10.817456335251357,8.301745730559551,400,51.14923992060836,3.412634359563264,9.828306254894528,60,25.04373190756076,278.02747915437794,0.0,,27.348781687188566,327.5869048842368,279.602632072255
35,299.6571087434471,0.0,,21.25041357308472,12.40289937298469,0.0,,22.171636613150586,10.734317792429954,0.0,,21.918137399963946,341.6926938650082,35.63306309420316,,28.94513620096342,52.87619021651019,63.64747936370836,,35.50594053921381,25.382251382628617,63.9839963739786,,50.03542678511235,105.34146061981394,3.9635230695765733,10000,45.08420226632718,20.842150581351877,7.693509142361739,856,51.411145260665364,10.895060736808519,5.166095148649969,350,43.88692299008464,12.346623910045869,5.88869919017537,400,32.126127812088725,3.934533142965921,5.136484345286166,60,41.52014019659255,298.8076753066718,0.0,,34.92819737851303,322.79432590886177,250.33104949039136
36,269.1973867592168,0.0,,20.201451461839355,13.794211468924438,0.0,,22.08661857636494,12.011286290416972,0.0,,25.97635143454604,361.1303685811127,36.29879650939751,,43.10172958780576,54.416208045936315,68.32368781098293,,42.1027725200519,27.052880664514547,63.68899005249385,,28.081640991863935,103.12861768859588,4.250239338848389,10000,30.52431941892339,24.291594552188933,7.974382311490783,856,48.26365171446488,10.502212154779341,5.025228101168134,350,49.179935627542996,11.459130650422194,8.587042265627662,400,34.974483927167896,5.13061610747984,9.053645237340898,60,30.814306195607557,303.4957482898879,0.0,,51.482295624427756,295.00288451855823,257.2883755398925
37,264.8928574760279,0.0,,29.914895719930115,13.43856471035279,0.0,,29.66293329389516,12.897239138013433,0.0,,21.808363055959624,342.509025241592,35.557214781696345,,38.44241081124153,57.300024698302565,68.12217644145994,,36.804526624192775,29.5477898404277,64.20906625574031,,25.251165145910377,102.11746519545649,2.170197354227453,10000,44.76630072972132,24.05835226451917,5.1032955542617255,856,31.392326089133032,10.14360998150368,9.704766643654096,350,40.68568608225779,11.731983773610054,6.488626917861946,400,35.332292984345465,3.4456386546145596,7.611944151427252,60,47.646555983757246,291.54036487516896,0.0,,47.776003994509615,291.2286613243942,268.5106084519336
38,275.08411461602896,0.0,,20.594152117792376,16.41415894836525,0.0,,20.572979109862917,10.600979039687157,0.0,,25.177625051032084,361.87267019117644,36.653041065889205,,32.14274798064322,53.79958389692581,69.43631389887572,,40.87284959899247,26.495194246675368,61.88551893871968,,45.30547684759297,104.0059974558362,2.217943986951419,10000,45.235055684303056,21.991429857722494,6.69102595329753,856,39.372142171990916,10.8597990218391,6.84336922463439,350,29.761094795704693,13.713825138004058,6.383926657246868,400,43.02137431952404,5.545281881138916,7.992882129760363,60,34.24660386613428,296.8779186167965,0.0,,54.730972630411095,302.09925260408136,296.62802203085784
39,265.21082069074794,0.0,,23.703443840231866,17.39248759850785,0.0,,21.104899027651705,13.620555579624167,0.0,,27.514708215203903,363.74681308801183,39.677925729960364,,25.472050385831814,50.93874608405136,66.0734850100854,,31.85639379597708,29.5804272514722,64.89301905041994,,30.932732997106214,100.7130307779396,4.065443608066159,10000,39.485245797815985,24.41150626702422,6.025926171642263,856,48.302572507501225,11.922462421876048,9.821197891129902,350,41.375874984163055,12.527279946344066,7.9732145430675505,400,42.510118288452816,3.186834985401215,9.263767633697654,60,28.190873066053776,307.52400076803616,0.0,,50.54603853190751,296.22386386887996,255.4686173483965
40,273.2716530515702,0.0,,27.479569165028266,11.897896520673314,0.0,,27.88918198153342,11.437771080751212,0.0,,20.508517757265896,349.45985939740353,35.96252530384707,,42.68256206921052,55.800606103563645,65.31553895563609,,27.438373674607426,28.913101573443868,64.2663621313072,,48.8873492585265,104.65396848729984,2.794902863284792,10000,45.37535825855295,24.681323951004625,5.234031040631354,856,32.21422625234122,11.0901674189987,5.756800458336465,350,48.474402711004046,12.187449711372832,8.035348230109797,400,25.41544217074701,3.6647013273883857,8.693208919291788,60,37.37537638088233,276.1392973241542,0.0,,32.51206497844949,296.6073206529947,308.40521666740153
41,281.40650126595904,0.0,,20.607372501760512,17.491120587092542,0.0,,24.42608425595132,13.230065710707825,0.0,,20.53796766800037,352.61361422456037,39.12479709707129,,32.1718260310354,51.436310855453854,66.3045314496498,,48.49546588900846,28.478568455335466,60.965471564940835,,36.25681521041653,100.29418906593517,2.128384014171233,10000,37.16196449617528,24.63891385889216,5.51222756639508,856,47.94602426956398,10.66428540378284,8.95823364019366,350,35.205823657629466,11.530342323955956,5.509859285562463,400,31.157334969539995,4.1035922469383745,6.114262225087423,60,45.68254745167146,305.6067615700478,0.0,,46.35191190683358,312.1276875637594,278.62016014903577
42,287.609280774308,0.0,,26.590354159540446,19.247739325259197,0.0,,25.844351969763082,10.618534613598644,0.0,,27.767741358639988,356.2302101997201,36.25008755130489,,25.26777750970264,54.14489761809072,67.46880759147886,,36.0502006686035,29.802841081294506,60.84727391250011,,28.562429898861946,105.06367461783398,4.29493421408057,10000,34.20967683901799,23.174916410112235,6.9642611537985895,856,25.21000588948563,10.473026994582185,9.85680541159544,350,46.572601190469825,11.664820654680193,9.282578499698742,400,46.03808565411062,3.904313789386149,9.457718541919064,60,39.584941166801805,283.3249164206852,0.0,,47.995664479266324,317.4755547131658,259.6592440581275
43,256.45986636431905,0.0,,22.508951138115496,12.645351801058927,0.0,,26.848117985306803,8.418379754842205,0.0,,23.091300998841522,348.8297016635055,38.40160335212632,,28.31175753607846,59.17385661945391,67.36791602391064,,32.427424975000605,28.01008598108558,64.42015735641047,,50.87355893531314,103.59144530041745,2.079710527458948,10000,31.082307386740986,21.214495991511967,5.526822751384044,856,32.61369384416912,10.321115435621206,5.278031468085923,350,51.21772006814184,14.745597899779508,7.9171817385368115,400,35.36152143813629,4.328972420149014,9.573749930528646,60,36.82056255959712,296.25671032141054,0.0,,26.72465156590813,277.5235979202202,275.60607118522444
44,292.46660502819446,0.0,,21.075819660943715,14.495209252484784,0.0,,21.968467117903188,11.899109962492759,0.0,,27.75017370112481,343.9550034499797,36.63332713218566,,37.88565696179234,55.18761363380716,69.44890832388191,,38.11153520407527,28.524478717991517,62.88726899071309,,33.00355468060796,106.30369908452468,2.3823154176752848,10000,47.420331612590196,21.415552475740032,5.707039598844602,856,47.288951330736666,11.533380859322298,7.904176315538378,350,25.912859306353493,12.330469611591854,9.798745668846937,400,31.460064572522977,3.1537726984187575,7.761659740246156,60,48.730562101179466,251.83969276114578,0.0,,37.877238447727585,318.860924243172,306.8235355775551
45,290.20987623437725,0.0,,25.094551429900655,11.442259309942171,0.0,,28.92842135380007,11.332984267428975,0.0,,24.568506169470062,357.1345290339142,36.69469337475289,,46.03324219378831,55.59524263120951,66.69083782951222,,38.9223725722931,28.513413897593832,62.75404335241549,,41.105473562176854,101.71863116841017,2.401659450386154,10000,52.07463582991892,21.29152984742182,5.759734139397013,856,40.99451672605426,10.295336705028308,5.457522953185314,350,51.05721143963086,14.551239165437423,9.618960880780417,400,41.314932885738,5.844686336483054,6.9942101919238695,60,34.555949056763964,297.15080950697063,0.0,,46.89273853477951,312.9851198117484,301.90575499172235
46,275.19203926567855,0.0,,29.603486955184835,10.170925375426725,0.0,,20.162145147035496,14.306972655188412,0.0,,20.637222292938716,351.34443823691674,38.08240935927253,,27.18178932504933,54.91051501008617,65.55872155974305,,30.898996426946834,27.672997520314567,62.46492484090708,,49.58896859813453,104.01548276283378,4.145131694478417,10000,40.917541347265015,24.66114805746768,5.242857480279452,856,36.42007629897442,10.952462972071755,8.26619680328459,350,40.81809666510111,14.385794410049453,6.318460886628307,400,31.190391467139897,4.004679818127299,9.307191808180436,60,32.022339033988715,283.4438937491382,0.0,,41.39752206162568,299.6699372962937,277.5680227262487
47,254.48690538784683,0.0,,27.58957163403057,17.021190956343293,0.0,,29.311160700196005,13.317943231943195,0.0,,21.477209095465426,345.4879107096641,38.03881465233671,,37.28937380870528,52.64942460091622,69.87120822497445,,29.18150892171426,29.1521183514849,64.99534339843964,,37.26780317583951,102.6263438513283,4.895620987501664,10000,36.229527874071906,23.18078970504559,7.33712586400576,856,54.10306620957587,11.165669876594402,6.83911057289559,350,46.2905844899785,13.141405646895418,8.477736359288127,400,31.793440561135633,5.328268752481734,8.494293048360305,60,27.880478731918746,266.32661667171556,0.0,,32.09098677212878,284.8260395761333,303.07728819381987
48,295.4769866301509,0.0,,22.980605322035522,14.078245478494244,0.0,,29.09549629087923,8.508335614373204,0.0,,26.03927319310558,344.8403988546003,39.00547868311147,,52.222150658035275,56.680707757556895,64.17618588660028,,53.21371972893938,26.876380718131585,62.410967710139374,,53.35050613141344,100.91695654574623,2.670138679907706,10000,49.98167678336596,24.182393962519704,6.276830297583392,856,25.93515719264769,10.50960219233219,8.237879586335282,350,50.99389158771476,13.266271406743023,6.27457495576214,400,45.50199119914994,5.237072126405364,5.78586904667634,60,30.568019463280898,277.3806945951376,0.0,,54.6649655213727,318.06356772301837,300.3379193522659
49,262.73674585623166,0.0,,20.028059981028246,16.505175007177904,0.0,,20.361528665215847,9.715040230210327,0.0,,27.504960753029323,352.1781123280061,36.77137043182257,,32.841108997533595,57.293239409026214,65.5868499941297,,53.07256047795655,26.617187950468946,62.803793478877765,,33.61929047851805,101.84871572664767,3.0699974677622093,10000,36.97159110780124,24.488844798565864,7.3227936121473896,856,42.87921327887392,11.228251883678068,6.0254696880281235,350,38.21705133433339,12.037257317603117,9.586269129293678,400,30.918466197996743,3.6839227815785667,6.222131322237752,60,48.424209556865236,266.7002113153475,0.0,,48.20038046921071,288.9569610936199,288.4960388535977
50,251.69908996996324,0.0,,28.26497491546694,12.48001278883794,0.0,,27.674305764631946,12.117213484705694,0.0,,29.541111935426628,356.6129974189558,35.94122374621637,,34.959597277643766,59.03229390540709,67.24330292926467,,46.22696099540044,28.33578318557251,62.13044465646585,,31.346478913222278,107.86899535171375,4.835313489825795,10000,31.426993099245497,24.01282086725425,5.070647073990952,856,34.11827022762618,11.786447746533943,6.561275447232488,350,47.902409743564355,12.259508568760316,6.807791224531394,400,36.64042202987098,3.1497226196362424,7.981259242329429,60,45.55986640778116,273.15751072087335,0.0,,25.83697246484563,276.29631624350685,290.9701059466413
51,265.3521920862137,0.0,,26.28060693853081,13.401812405451643,0.0,,26.567831822241644,8.510095086248587,0.0,,27.777773815641286,350.1605081892646,35.179892395017234,,39.516619107572744,57.51512210801705,67.67525021611773,,33.47982395124884,27.21731486192766,61.54786033955638,,35.40474206108579,106.11416511144074,2.797782412323897,10000,48.96405610674145,20.35422176201905,7.098057765021213,856,29.517444602742934,10.094097412470642,8.224244189725109,350,42.03926928195922,13.079988673407119,7.371460287024746,400,25.298898927030052,3.987083370325264,8.601474163424626,60,34.878902589631345,299.41015746183626,0.0,,37.25296965057669,287.26409957791395,263.2660429162798
52,283.7252624585863,0.0,,21.95271769648775,11.639980091392326,0.0,,23.839230692460266,13.101745313187834,0.0,,23.179826417509343,353.9114303856542,37.57363172945503,,27.800899820452845,55.40098117842528,66.73236967355169,,45.88456383824288,26.327950691341613,61.808970108004395,,25.18688970161308,106.00774269833019,4.027854812203395,10000,33.620558537177786,20.01344225273857,6.9530662652134065,856,47.904850412131296,10.879277388129985,8.781573183424921,350,37.86753482753655,13.82473240101154,5.341402479942853,400,33.762169732364626,3.377276218848167,7.496744334288003,60,41.562853638894424,304.2371339486361,0.0,,28.357935047434733,308.4669878631665,281.9306277530283
53,298.7580130188939,0.0,,27.360931420659607,17.24804172090466,0.0,,25.671997833579315,13.322521730702888,0.0,,23.70129783764228,364.7921969470297,36.15985675637505,,48.40656028180294,54.907037809762514,66.94400435629215,,28.139073152028352,27.608524817668346,61.76788830701683,,34.76558798351299,107.0390997736568,2.175500691877726,10000,54.51790139021445,21.519111980654205,5.317605702862744,856,46.51308155144218,11.310046997195965,7.20326571298263,350,30.78795154310549,10.36570408191457,6.154877325788338,400,46.76437250880275,4.301030898957583,7.628096125184541,60,44.87122350335419,304.85374049089,0.0,,27.43540996777206,329.32857647050145,298.7674738385807
54,293.89321406374233,0.0,,21.78258715909867,11.724502296347497,0.0,,23.90119999244589,13.080278115026113,0.0,,26.71709020340287,361.5699979841741,36.394808554587286,,52.38201394240012,50.153421046433365,63.202895260097534,,31.57033901005329,28.88203724154002,63.37408864001597,,52.36185960829724,103.66286454131203,2.0026178457898647,10000,34.86591550091296,21.412973161209077,6.3063264935147085,856,37.52801726841047,11.885187591431864,7.65816358949824,350,34.892522730270585,13.743208845689445,7.801579670795758,400,26.76038457332757,4.689211211346298,7.9151006898939915,60,25.786854691448685,282.7988054318347,0.0,,53.988635791541995,318.69799447511593,306.8964895263791
55,288.46772489132854,0.0,,21.82773974111168,17.744053334936233,0.0,,20.395459796097008,9.439160498763702,0.0,,21.63864799884702,364.58733086992316,38.99116848310759,,54.90065635465063,57.25758076436733,68.5466433679204,,47.06287244479567,28.96019119177663,64.30124594708177,,54.213317337798564,101.28406004182918,4.6801698922615955,10000,49.78335976952629,20.14024023603152,5.916220618552929,856,42.98474942826232,10.946556457875552,6.887760514721948,350,28.63920564250546,13.952960191086492,6.744199470400985,400,52.837298625745206,5.229408402984742,5.40644069441942,60,54.58415715044974,254.13603581931395,0.0,,48.893353120435656,315.6509387250285,254.3436072627928
56,274.08739893240966,0.0,,26.159975970924044,18.676596465878532,0.0,,23.93567318437105,13.919916133732466,0.0,,29.062025258275924,354.83056442518335,38.34941264705979,,42.43843620862619,50.585254555155096,64.98726500573432,,34.09801015959901,28.862778333467453,64.15224811447612,,51.40590119695965,102.42473554785563,3.2729917050720223,10000,25.9435725200117,22.825678101644197,6.996332781359245,856,30.21475331123357,10.021329977541495,6.964292695286002,350,49.017211200036115,14.004079664282836,6.985372125616703,400,50.213203205292245,5.540360104261661,6.143497650730169,60,42.59013666786859,274.6620923389378,0.0,,47.22697292336562,306.68391153202066,261.41795025492644
57,261.7480057964369,0.0,,26.392685016335555,16.20163849261971,0.0,,21.02872969517176,11.27479384936094,0.0,,24.966045678295977,340.29491000592026,36.28624182262144,,54.43626125155355,59.5923209821998,63.04750342963412,,39.29325302879935,25.78229499352597,64.1986423889542,,50.435980582305895,100.42927984229607,3.651231248471806,10000,42.80313732611057,21.306196680561193,6.912941337974754,856,45.557441468437084,11.202026693169824,6.439133918628249,350,32.59843251642318,14.083966426459963,8.697126262005284,400,30.52634205568937,5.921701686592982,9.68271812019828,60,53.491563669827705,306.5671146970625,0.0,,52.046006551217204,289.2244381384176,263.01855625711664
58,263.88746349138785,0.0,,22.994719357168243,14.234029037281578,0.0,,24.45469293457284,10.71224089236846,0.0,,28.00672169847744,357.53477904491047,39.88285221672966,,35.890162880579425,52.94125871656185,66.52838799355459,,41.79417648377208,28.22020257683139,64.81149539984952,,54.06265065757269,100.67949970846622,2.290070237093093,10000,32.87536705331489,21.856852154661134,7.189086195809447,856,50.00602214345075,11.897184120466244,7.210525266300565,350,43.85915463719236,14.164501029948136,9.283056754880956,400,28.562259321371137,3.6419472277722686,9.469884756043761,60,39.356706283462664,286.22999414714144,0.0,,40.20003722989807,288.8337334210379,253.74741043241704
59,268.77646100259506,0.0,,24.906896238138856,13.99031814045869,0.0,,22.844020610612066,10.428570143101645,0.0,,28.15402336988835,347.33305319938466,35.22612702281965,,47.395695877429105,55.063496123937654,66.76714189522086,,28.427649795493743,28.368954990135542,62.55476807728489,,42.71248868629713,102.45412728041305,2.0823260875026426,10000,43.09594532690675,22.25469661768875,5.793837230423213,856,28.146490342275786,10.22033022185184,9.889171470749597,350,37.798861944774785,12.205168215049161,8.228968790270272,400,52.844350257442386,3.3313469309867765,6.043752029745608,60,42.701122377180624,272.0901447918327,0.0,,39.0951110589156,293.19534928615536,272.98770412478564
60,266.09745324843533,0.0,,21.844612840564388,19.276073900458712,0.0,,22.4859105184724,10.81276724034714,0.0,,29.702042398439218,350.31931256321815,39.308924886728086,,43.16450233696091,54.69178814300372,64.14425947192322,,27.64303006515076,25.586786571535686,61.74246975718707,,42.21674490434033,106.61798918932466,3.016797281814264,10000,43.46811014887871,22.1402415070402,6.6724367544135195,856,44.98611358265387,10.284250491063046,9.960728653085035,350,33.37764877114694,10.876049103457023,9.580968832661261,400,40.73435323235809,3.368287649479955,9.274621510101799,60,53.90189573003011,305.73845974220876,0.0,,40.17097607106939,296.18629438924114,291.36594828910256
61,264.14528262860034,0.0,,23.448827947967423,19.788831298403757,0.0,,25.510740076806538,10.52019956216768,0.0,,27.070858399578746,363.919817060142,39.83256082579498,,46.678504484485515,51.49207615556345,63.38387126026541,,48.54736400729708,25.122438121339382,61.24219513976682,,41.575694687457926,107.66718778968833,3.5878084861762716,10000,52.67493595677138,20.131493285053267,5.171307152067036,856,42.610629221129955,10.74326647702085,8.68516245641503,350,33.51812645879724,11.826220652185675,8.158632966770615,400,29.61870992194304,4.927286317744681,7.224049427340902,60,25.310662293128015,257.8712037698471,0.0,,40.93971447858148,294.4543134891718,286.3111088643516
62,250.780674403272,0.0,,26.99220908131325,11.81925405025498,0.0,,28.8704073419239,10.324600654148275,0.0,,25.939488481076168,363.04879623836376,37.575781350465085,,35.68637461300726,57.39868004904742,66.11049178065115,,53.261847229801766,29.51045589249124,61.88521279494879,,34.12103138071201,103.53372794707124,3.613408915597632,10000,50.82030519048541,22.99944490984085,6.592978009823538,856,50.751230819258026,10.004224186511674,7.7291955035508835,350,38.21634570928424,11.16826113599058,8.89535359184894,400,53.86109296088865,3.4692775337089206,9.387819150172863,60,31.35611145297127,253.70124486213436,0.0,,29.129945591909777,272.92452910767526,288.8124654229664
63,254.30002950102778,0.0,,25.934997153475372,18.897857393815805,0.0,,23.038524535248122,9.56630832246414,0.0,,25.95035007085,343.62657564786457,38.416558436696924,,54.875913080315605,51.26780409141613,65.8765932944913,,28.643497346750927,26.22481859290433,63.369138707479394,,41.32706913291233,100.83148584414691,4.533426603812489,10000,35.78177155538745,23.133462662715964,5.662524962777407,856,41.234702613873125,10.723127531991588,6.565723208136647,350,54.9571217180884,14.26522748066366,6.40672051622353,400,49.03289505552283,5.577898555919369,5.513236071654476,60,43.65676860777937,251.94230378019472,0.0,,42.067480272178344,282.7641952173077,273.1748361217471
64,273.2461044655902,0.0,,24.363835140123623,13.856822804582592,0.0,,20.646089131553993,14.56977858844442,0.0,,26.115750938727142,346.69231425760756,38.360183790498645,,28.767183088616843,51.05765925919882,63.71155638669765,,30.25317016150781,25.964904271986292,63.30622184081707,,26.375332293434653,101.05854150891,2.3801374964959043,10000,25.177861787222632,24.994621065290076,6.707097917824517,856,45.76925132292299,11.446364612392223,9.872601594615343,350,46.96703701400794,13.679200099650464,5.811598990821327,400,45.93843876848032,3.9144133796995138,5.041389208424827,60,26.945789127663716,256.95089691554784,0.0,,53.47698030154842,301.6727058586172,260.57253089193466
65,260.8821016437303,0.0,,29.768934933691348,17.58985052786846,0.0,,25.94965375790293,9.473908430407732,0.0,,20.81964383156046,353.31119903753216,39.39324554212312,,37.23378704077744,52.99452249625259,65.31440298394587,,31.317438060984664,26.707621349218588,60.798814731985054,,30.629750769037344,101.2634317280517,4.215131878718293,10000,50.49784020296232,21.83847512418241,7.508102377643291,856,49.059013931140015,11.269443813690133,9.687274826539792,350,28.779391361225905,13.858251502494797,5.034548697151189,400,35.95866587380554,3.2083570878038223,5.2455744579978445,60,40.57046866752322,260.9006321925584,0.0,,38.390453837245694,287.9458606020065,295.13671444097673
66,261.72819701478676,0.0,,28.237597206928044,10.501466180193708,0.0,,27.93910256078656,8.80721489427321,0.0,,22.655538649735497,359.18973690701756,35.46951576907859,,27.339487785806938,56.21459191487313,63.231486498688,,43.2052834261045,27.33106826817119,61.7750193439319,,34.421547313601344,106.24798218862479,2.2560551175682613,10000,33.47601344681458,22.29952099259847,5.045257998087715,856,44.61584407546725,10.967870239283556,7.060632724222761,350,33.294286538317614,14.119414341920141,9.185181578896678,400,34.580575030308225,4.182031377980834,7.922239446913294,60,38.07495186917597,299.44324970225455,0.0,,51.55261419817329,281.03687808925366,301.75963370549835
67,263.6825245899408,0.0,,28.49271916726233,18.244617225023504,0.0,,23.43549727468603,11.291666740867253,0.0,,27.064186963165106,346.26039438680596,35.605795663364944,,46.520568486846884,51.36313016008282,69.36856167531728,,43.20681149632448,28.547569419691058,60.330679734430376,,33.315678635025606,108.28125635692406,4.602816736689076,10000,45.428365035196975,24.956084742709596,7.0166071518890964,856,49.12678548483529,11.736598153319045,8.325533195368278,350,46.703889634224325,13.921063759230979,5.375895069492861,400,41.2510376873286,4.743779023862821,6.294208567323949,60,30.957567205300357,286.083868017029,0.0,,47.3700005542123,293.2188085558315,280.36097854162557
68,272.44437599943376,0.0,,26.20498059068577,10.841890882567288,0.0,,27.095084022353156,12.640278133456032,0.0,,20.103451729025103,343.69372822740974,39.678215710295106,,43.84465215289242,51.72808810523069,66.71756502544933,,48.25808785283932,27.172459673486642,64.28227623652242,,44.71513020561027,101.40274466307712,3.8636512967392496,10000,51.900829702691745,20.225964549488733,6.446153462734766,856,38.4967293963829,11.078167358739718,8.280263524951586,350,41.604067861275695,10.832393117117366,6.938364385146951,400,43.67848887012097,4.973652729787773,5.741979483011072,60,42.5572459285403,301.7555889576061,0.0,,26.393492757034497,295.92654501545707,297.9049500535216
69,270.0233558866048,0.0,,29.514138106911396,19.214748462139813,0.0,,23.109225783645147,13.749779547259813,0.0,,28.382257813258324,357.8803503094947,38.478263440696324,,27.516883955819008,56.209262541106824,68.15156652776466,,46.270713216464024,28.945962111899252,60.09174807155936,,36.20818204486119,103.09664985535147,4.406479805368525,10000,49.83664577415753,22.392512291765197,5.0386017538066765,856,53.523848384114785,11.03755898377347,8.69087792945944,350,48.6233078917692,14.812137460128431,7.575041050860044,400,43.80830823204819,3.2168246608933146,7.84951209513728,60,48.882541584042386,299.98653460668805,0.0,,43.92343445103142,302.98788389600446,307.91504376466975
70,287.02772824057695,0.0,,20.772290557564965,18.85230306758875,0.0,,24.690961508909226,8.257233288412648,0.0,,20.11052959979933,352.49904387944304,36.057852979775824,,26.753031847779766,52.263051231922475,69.9006128476633,,44.91230141026155,28.55126305273234,64.02970639481147,,40.982857207505575,107.73667058035494,3.674919267230407,10000,27.0782563554659,24.513994214792245,6.03733636336281,856,37.13928382460704,10.729292256921577,8.56235641464446,350,43.17080677873109,14.145256790958829,9.726994799423572,400,30.20731003834059,5.074237212371191,9.001752208111505,60,51.679359145155125,253.45273833484467,0.0,,48.808978567108326,314.13726459657835,267.8414049175975
71,281.1914879836811,0.0,,22.02953643744852,17.658493861470195,0.0,,23.219681422202335,12.75839588962419,0.0,,20.34898895684509,354.4933045158345,38.176579046307594,,51.9916543974824,55.85378973451864,69.76383045292471,,48.95260452529479,27.947442131456583,64.04431790577992,,50.42270652357337,105.53326938439645,4.209730161376674,10000,50.15726915032899,21.71482404429772,6.861628048780791,856,29.999796201191856,10.461966288909046,8.797171322943335,350,52.60029167955107,14.589484320995581,5.315282477236993,400,50.32181506123187,3.373773818163132,8.373799225171403,60,47.578075871147064,291.17328216543785,0.0,,27.73555386995733,311.6083777347755,272.94438057677627
72,289.7698316039154,0.0,,25.20747584482863,19.01326649299031,0.0,,21.196266586135028,13.751440298877078,0.0,,28.24188837365805,362.214783823986,37.30007576224736,,43.6446349702271,53.74094943849557,65.43223644609435,,51.6186079209026,25.74144732313546,60.2428924450663,,31.93607871362195,109.08415090080283,3.583336732741934,10000,46.002822105887375,21.726957028813978,7.634062188101632,856,52.79390756644784,11.88693703378816,5.172842407362629,350,44.664271785050545,12.669482614580227,5.443078412990636,400,26.861392217796123,4.847718186945324,7.2573356797861415,60,39.27409435513276,281.3909854663353,0.0,,52.93472651303231,322.5345383957828,305.4249296038494
73,280.78397283763155,0.0,,28.834586741864708,17.073643973540907,0.0,,25.041112687330248,12.55162879301844,0.0,,28.311740429181505,359.7870395349543,35.44186392893446,,39.51406762635314,52.67197666145984,63.70591748604548,,35.74334853764588,25.00172824353975,63.43380506389095,,44.85033372138687,104.14711847447889,2.520398728009373,10000,37.254577141378086,24.073098600418998,7.95013712197148,856,52.71120978225669,11.04244227642477,6.428723939904662,350,49.765549928410024,12.306226539986246,5.000905000458769,400,25.019918550960373,5.799314697608184,9.71878482785666,60,27.14122211369704,296.1853863448455,0.0,,47.299257830835714,310.4092456041909,267.2227859001923
74,263.46430533866175,0.0,,29.563294564953672,17.7147435521574,0.0,,26.376102292140594,11.611980013811513,0.0,,29.326606905620093,342.7701477146962,35.12473426360417,,28.750262164436478,54.54957798202372,68.42925311097503,,26.971296349632226,29.21121388032992,63.68264710528916,,50.6531990374184,108.0440817800378,2.3122274656404542,10000,50.02535210028482,20.746406342769486,5.007097300781304,856,53.32845628565437,10.291156145405477,8.37733241863616,350,43.517577542093335,12.207617229897037,5.875062139449174,400,52.3481759607817,4.990272302887328,5.667488792794547,60,45.063148185992695,256.4811314912843,0.0,,48.17930321238397,292.79102890463065,300.8004841063804
75,279.3314429727092,0.0,,22.37055389541217,15.58484980796027,0.0,,26.737487408169514,14.382957873967198,0.0,,21.134178689380583,358.17292128967637,39.854730350374254,,25.999629271313903,54.93009310646799,64.06565387371978,,34.09753901157138,25.14882431415534,60.03283529171168,,44.541362923423634,103.79035814880281,2.3791439576278997,10000,50.89288051931811,23.66812270506077,5.68755095231228,856,53.79273225659331,11.76069477546553,9.163800801344514,350,48.98166260229354,14.251717267856588,6.627458661307579,400,45.14073727916684,4.507339472342466,9.75286997309748,60,40.642216544862166,299.60870223581094,0.0,,29.489082390082014,309.2992506546367,274.3531258204518
76,277.28005923387565,0.0,,21.942204149724713,19.147804618799466,0.0,,28.5221413651198,11.526450972660244,0.0,,26.797915627993035,363.2132083154665,37.05788111960133,,32.13823449157267,58.67783099263174,64.22180261317135,,25.73320037788168,26.834264673728413,60.998697966663535,,49.47268957453208,108.6988339750332,3.118941438557352,10000,53.43657511179744,24.546037949053666,5.361578911361987,856,25.09910756622306,10.119370358933766,6.260713586350897,350,36.03084691571756,14.295293190446984,8.376741686266028,400,36.06523724724855,4.024994496675103,8.721057690339197,60,49.03017473883003,303.4929326763963,0.0,,31.32699304155061,307.95431482533536,295.76283290446264
77,251.86154667243034,0.0,,28.538671558157063,15.845540376233387,0.0,,22.22416484253953,12.00707084948446,0.0,,28.810853264729023,350.9625982323508,37.94056562707122,,27.604408386953555,55.257339123090524,69.45116035281507,,34.82918094968301,29.302348445446327,60.66357719920697,,33.74447316921355,101.26572104549827,4.521353504457023,10000,47.853154386015675,20.419744970998813,7.591345298380791,856,31.715502099056774,11.400757558999477,8.405702885466427,350,51.858795715907675,13.82508827224558,9.708096976483613,400,53.59254936177581,5.258592117845843,9.176498469673636,60,40.97630776108703,288.61904188929975,0.0,,32.98532128881129,279.7141578981482,281.3901106751426
78,258.8589243789463,0.0,,27.450452235069424,19.57718500555687,0.0,,27.532401471369386,14.238778923331653,0.0,,21.82303461107495,362.1150099929914,38.63314579766058,,33.810813468230094,54.20355303314971,67.89411478349909,,51.80966363594405,28.45535554867616,61.19518169918166,,52.82258355960654,108.9862754339383,3.471211199866632,10000,44.15372661009942,20.38002516162547,7.895508599668229,856,47.80788503184196,10.127265818531614,9.807302738841372,350,35.92852457406415,11.84828698998776,8.632769453169498,400,47.90262887968309,5.2130485849534525,5.674665074648881,60,43.826988415284234,282.8515984589656,0.0,,50.24105460196881,292.67488830783486,278.3857656679165
79,273.6860494154563,0.0,,28.789108049873455,15.58453410373502,0.0,,24.096549923765945,14.447952340404893,0.0,,20.59034123302567,352.2766382927462,36.920180394023056,,47.542517590749085,57.680296134426186,66.95224113468655,,34.140462854503056,26.42189258451252,64.74907581634652,,31.51022374285506,100.14256579012908,4.286511381353442,10000,53.00733329684029,21.17090457746111,5.524815513473407,856,54.04940969581551,10.096426963568586,5.498474076275511,350,52.19225114636494,12.377200072206659,7.660820107252074,400,46.22260533632716,3.5095197631689117,7.814731257311285,60,42.81873650660552,278.2618360095319,0.0,,47.257859059841394,303.71853585959616,267.79095474520034
80,285.1014163839633,0.0,,26.027366445641874,18.316703367094252,0.0,,26.643022577007272,14.672277538555132,0.0,,24.455830690978434,359.3197924171101,39.88951159010081,,27.149550322498254,57.53938361690843,64.10416739562405,,28.002368759916678,26.556116026783695,64.48918881990926,,52.32492204110819,106.06429720439932,3.682063777752713,10000,50.30411110590743,20.761172476371936,5.392084499600298,856,52.7939731548459,10.277333967622766,9.737157969496515,350,38.67526499382044,12.99816921697092,5.787202253119573,400,32.83955310856991,3.6590716107140193,5.637372780745611,60,31.78678325322813,274.40039725209243,0.0,,27.937635182547098,318.09039728961267,298.6800642565241
81,260.75813001149027,0.0,,29.444521683039262,13.563824464902366,0.0,,21.474583710196246,8.451013305275966,0.0,,27.217131617723915,360.17197004204985,35.981136188141456,,45.92751016192307,56.05379701208173,66.12767867697082,,31.79548304736731,28.82087521082538,62.52676687981146,,43.198455086504396,100.39447730220729,2.387187830010559,10000,53.1248510919214,22.504484450177348,5.521556027927524,856,33.33302898913088,11.716936851138685,8.697895270809841,350,32.10556978920059,14.915215196440034,8.513394678584564,400,37.07118882968447,5.4185178631170565,6.907642007518911,60,40.19828723674365,274.08501219718323,0.0,,46.162758775685255,282.7729677816686,308.86648897367195
82,291.97684289111794,0.0,,22.749789286165715,12.602644740153314,0.0,,23.73892087063532,13.143792361536637,0.0,,23.07061063881177,352.9479644904549,38.69806121087884,,54.30954428289279,53.266302061862476,66.64392943731076,,54.33943051650867,25.329726226198023,61.21858387136694,,32.876288098957644,109.60174498846574,3.4958173261116707,10000,46.314005675746806,24.59941512921759,7.964058633923482,856,35.968210983985806,11.311925119628695,9.552156027590787,350,26.43607369554752,10.542018906113316,9.23319302466271,400,41.73893437203815,3.344990048787744,9.235429897020234,60,35.198138139764175,284.098451162372,0.0,,52.699358946085354,317.7232799928079,254.8817996917698
83,260.2667705655707,0.0,,20.626472605441602,11.845920765004124,0.0,,22.89277163735565,9.001127816192536,0.0,,24.406011315424703,345.19667548848264,37.6324539630698,,31.30215912614507,55.83091291011764,66.33765597081158,,31.346712754365804,28.483610103445024,61.89930889968894,,33.78269849165566,105.04903130304798,3.1594797668779755,10000,32.240234459145306,24.234596798733527,7.981708859317026,856,41.40173586602359,10.530993056344133,8.11961736442492,350,36.299567155367924,14.830655954162848,7.131346583661742,400,38.0674071871912,3.7549807184248145,8.372258415549112,60,32.154936419760624,256.2088563569382,0.0,,49.44350425656506,281.11381914676736,253.51692860337923
84,271.4927690858758,0.0,,20.295158606938884,13.15073540090751,0.0,,28.009791464826826,13.414822628331958,0.0,,22.755185149350236,342.7907750336356,36.502414118580475,,30.53581733404829,55.158207952923775,66.57157248987646,,33.20933100834589,28.72989869692885,63.75055213041295,,36.24931535418643,104.54391963981061,4.090218848534386,10000,28.67860654811412,21.15185781560404,7.620853391991812,856,31.805109042335182,10.217998244657807,8.623344760510584,350,41.457675765430075,13.081937717030264,7.940008396734129,400,30.395948911021726,3.494462667065967,6.326255691220239,60,38.22506643304702,267.42610284128875,0.0,,47.95805393130096,298.0583271151153,252.09218820984114
85,260.64124822740155,0.0,,28.950728467925586,15.637821887180827,0.0,,25.860835048585127,8.899300189825777,0.0,,20.236611924042805,358.43449017370006,35.06143666965397,,39.92215841199935,53.307901576453965,68.11623648026931,,46.20918703481419,27.599332099084798,64.5940788837505,,26.258701975884172,105.66505717677546,2.696096345698658,10000,38.811447473950395,20.53502868700577,6.969269136551805,856,51.8658209575523,10.746894596242637,8.590766748126434,350,27.329594904922985,10.549888019339631,7.559446846120473,400,54.73371917804972,3.9871410897428934,5.163086839554361,60,30.736055897797314,284.32594351506106,0.0,,51.47761723078739,285.1783703044082,298.1357229794568
86,279.4653702944589,0.0,,29.723426555750788,18.0061878360581,0.0,,25.59161438129358,8.709943082416242,0.0,,20.14157734280596,362.10670583101773,37.32575865108429,,40.7100738022101,55.19546513799445,69.86417360243985,,35.249449332241554,28.933583345853993,64.89060687200057,,40.74642984394123,107.11788734542384,3.3910120322003943,10000,34.307478566462265,24.411837489592795,6.268676461020657,856,40.75468181452735,11.82633463715806,9.83456920588873,350,37.98162061450036,11.739067458139072,6.831782741066444,400,34.61274040495667,5.908006059595115,6.6414583776054315,60,33.93626931177996,254.20662918221953,0.0,,41.911598485170536,306.18150121293326,301.95539328539456
87,299.073261574143,0.0,,27.12762175990117,12.688032632299235,0.0,,27.203932248299893,14.160506932678281,0.0,,23.004136525389672,346.9242471092974,37.14456668001114,,29.550906564559995,58.35783206777522,69.52911017993823,,42.792522446631764,29.766558105519994,62.10768430612405,,36.31602356232101,101.72677998050779,2.0827991088153732,10000,25.64610175386353,21.671968951914266,5.519362831625421,856,32.73052218852355,11.479897825130342,8.022423255106336,350,36.25093826263728,10.07534893779646,7.083459557772884,400,35.26445747288895,4.773053350822092,6.829433515687259,60,34.076996126608115,269.38821197152873,0.0,,41.286365417005754,325.9218011391205,253.4862766378501
88,267.12211289520724,0.0,,29.37591219591326,16.573081528391594,0.0,,20.921303778949692,13.756759122625018,0.0,,26.51971575478646,340.20470814924306,36.057472459959904,,40.86460881670502,53.17203941822925,65.3263846805474,,29.388026184455242,27.825245619328292,62.56850121017855,,35.21582687630948,100.34802982219142,2.7236254190997564,10000,28.964656207494233,20.306621691878526,5.830087014826184,856,38.119206111713574,11.611361091407092,8.853847987941936,350,49.99703249735691,10.637778927362108,5.125467900845921,400,35.18168643298763,4.6816891805402125,5.939043379727683,60,51.258210818572906,309.31493844271563,0.0,,27.10964317168163,297.4519535462238,278.85279557770116
89,261.3203391313511,0.0,,23.45263436286868,16.774489388432407,0.0,,25.21309727297357,14.000486672582156,0.0,,20.21987131053806,344.37090753852067,35.75869947422173,,43.52324841609099,50.52380080689996,66.83713959390128,,47.141309197267,26.621800481593823,63.45165918709635,,54.00383648196005,104.02120018295096,4.326383935964022,10000,39.090755894728844,21.915858130132747,6.343384111870333,856,46.82447411561746,11.165682490244885,5.665189621979899,350,43.59649929812191,10.304285473151614,6.893703265178107,400,37.17437119101071,5.89738481855206,5.292284536174121,60,38.74619792412013,252.17176646281746,0.0,,28.580482462839083,292.09531519236566,268.4303763206918
90,271.35702043904337,0.0,,25.35871960745574,11.49835667056289,0.0,,26.82021342658059,13.341988870395266,0.0,,27.216276562864508,351.4061381219167,37.08975988573478,,28.846592055580626,55.39480520721179,65.83314418896221,,28.850441843907106,25.97809492922558,64.82135536217393,,43.33081010620383,103.25006378908142,4.18492249095716,10000,46.70738775394722,23.273806798552073,5.445789460427511,856,53.651001198454274,10.957797722264866,8.432590321651606,350,44.94578086638879,10.299025061595499,9.859859862826596,400,45.994623276901265,5.787716396016084,9.574291408386873,60,37.12423604963967,304.02253396629055,0.0,,39.229306199839435,296.1973659800015,274.50179582532576
91,267.7358663853949,0.0,,29.71789839655907,10.951295071175439,0.0,,24.905019250943212,8.664447719817652,0.0,,28.63911900724461,356.9096498614733,36.44380362615254,,49.25357576079166,57.60448685230246,68.10835721751228,,27.12227348785793,25.22498123086125,64.3956252930532,,26.79350320656296,104.66165946834326,3.920694448985588,10000,44.46406837179455,21.31490836459203,7.784974339464958,856,29.707709748233952,10.997997781335293,8.912698103204892,350,29.86263676927785,14.799294618647338,5.748085972608114,400,26.387073563652578,3.956299552523069,7.524717950775463,60,54.081653420983,262.0088740719696,0.0,,43.252261512149246,287.35160917638797,259.7635704421982
92,283.10060968722723,0.0,,22.554703354386376,12.917979118974362,0.0,,23.792887019379084,10.006287946124592,0.0,,22.25941628238262,358.1848430371337,35.26438529409499,,50.69677353196286,52.866564658357625,63.81542056770057,,53.60123140095551,25.35900326973516,60.06347015226266,,47.170133660632345,109.22127721554261,2.97805309032523,10000,42.31430426006826,20.69057925074668,6.548180713412702,856,28.046132113232435,10.318522496279988,5.950241138241027,350,41.434366783819506,10.673122611058712,6.2164775785443265,400,50.13922120641987,4.733685667944092,7.114350950846591,60,33.378863967951105,273.8030563659313,0.0,,47.756284830583866,306.0248767523262,297.920211290515
93,263.8656118589526,0.0,,28.748446030362103,14.667174710767975,0.0,,20.895661281443747,8.922059706470453,0.0,,21.680937186085075,350.4780145678242,36.799000155323085,,53.9815433260499,50.81045963142336,65.53407826730654,,43.49176718272155,26.255465769628444,62.284024552318954,,38.940592305723314,101.33071454729946,4.694605173100238,10000,42.258591519713704,20.19304865623952,7.2693930443048895,856,36.88216212583235,11.176541008239914,9.171654715555015,350,54.430550327180825,12.940921273911922,6.0827225982744455,400,28.451108758676032,4.655254095047245,6.410155219748734,60,38.85030783411942,301.45373306723286,0.0,,51.93355175626297,287.45484627619106,259.05488427365606
94,298.4207146497814,0.0,,22.92003432197579,11.02169718533268,0.0,,22.531555468458848,13.429000757455459,0.0,,20.33358051204616,343.24912089459485,38.92802206025012,,50.18276149397032,56.544613796504905,67.01634484543887,,25.154948835312034,26.994984260892096,61.970997781850954,,43.74930104097426,103.85350218759898,4.076377470146292,10000,51.046828042578056,22.469745402637834,6.459609308758171,856,53.003904942529374,11.729271239496361,7.220854610863594,350,32.550722797841445,12.90818363135048,5.363489864523403,400,40.14191091356335,5.55085153466854,8.396940947851894,60,35.159095639351705,267.7674201764337,0.0,,44.69464742605235,322.8714125925696,254.45121200996755
95,299.3081400357718,0.0,,24.404481503310677,19.214153859039165,0.0,,25.31499196025676,12.241162670707489,0.0,,20.05006021041319,351.17744490705076,37.009715012835166,,50.52010791917701,55.80818286960796,65.3367625077897,,40.993962306731234,27.771968843563442,60.5206135422592,,46.395215763731954,109.57576223155863,4.766265290754937,10000,30.563948740725312,20.09241331497303,5.320352234165979,856,29.580003433110036,10.713233766464068,9.43069194227452,350,52.98866308176312,14.950347714505982,5.25168952239533,400,41.044681593484796,3.0128491723288944,5.361112359937764,60,33.38834126331909,258.09293854640424,0.0,,54.23890260421766,330.7634565655185,292.4660441605684
96,265.5791391653861,0.0,,20.078570381995107,18.64254670400258,0.0,,21.46537314055915,10.236057457638765,0.0,,21.27887951554402,354.8418112397523,38.129019180251035,,40.616648241965684,52.29314416669299,64.23904645395156,,48.435243622001074,29.025994610524297,61.916933679756525,,37.03578584955831,101.59298416590492,2.8516010998055403,10000,48.26295370064638,23.247600030715347,6.136401712488446,856,54.643275207355416,11.101705122254224,5.449881019414442,350,49.68116821849133,11.666277618332414,6.632165385304212,400,42.061294203385295,5.756548736205359,6.463436982025124,60,37.03874899028867,250.8928082912185,0.0,,46.63772165802352,294.45774332702746,256.8090021353539
97,284.9209782571058,0.0,,24.311463765141927,12.409022855159396,0.0,,20.642392435038847,9.868832014902639,0.0,,27.623897118273312,350.5843619687775,38.16286651673565,,43.57072150267145,54.94539338822737,67.90727634555866,,29.285193255465312,28.707477112103398,62.994174451552766,,35.88460138883594,104.68826264517037,2.7098935150216787,10000,49.25397966289107,22.78209503226243,6.285787391936246,856,40.23322317956999,11.561038766998522,7.603447953819816,350,36.82239391810295,11.38219767708655,5.223053370890373,400,29.769512586614358,3.5878611891793155,5.629232726145783,60,40.22315828890738,293.06031935756755,0.0,,40.20732648742065,307.1988331271678,274.78764678150543
98,251.04436763044757,0.0,,25.544304047776215,19.48990858489313,0.0,,23.371693133372382,9.05301448866895,0.0,,24.63713964866625,342.01786369881694,35.859539764375825,,33.554456806824696,51.7947220391097,65.59243086702298,,28.80433874829501,27.843764582935215,63.47979478326759,,45.856781059355484,109.14934433576464,3.5709097956317586,10000,44.98536631142274,21.975197809752604,7.42867934238228,856,35.80185999114052,10.833432024546573,8.422265822027008,350,53.1627566490372,12.581694963691229,5.2059309083268115,400,36.175956386712855,3.718092921574089,9.514376559404411,60,45.464635171860635,291.7464162524644,0.0,,34.88376775077678,279.58729070400966,283.99995255197183
99,292.8464394382882,0.0,,28.93494076329032,17.362253146292996,0.0,,21.79109559499864,10.146931880051163,0.0,,20.541750719651933,359.56408718732763,35.087193477491596,,29.599170634676376,59.55818186067653,68.12328653008586,,35.256399309160926,28.118586523554324,61.78737452049325,,39.76901422001645,101.72719827506779,2.5209967000795293,10000,46.027618277042194,24.883272364934047,6.441519224922209,856,25.59708921325868,10.446311412611262,5.308889665253708,350,46.86182773481279,11.983160629048795,5.067687233664657,400,42.21518214941602,3.8172144105233765,7.23434656523066,60,54.43576803874571,283.36863601772046,0.0,,54.52282896983514,320.35562446463234,286.69507290110374
100,297.41529950704245,0.0,,22.641719789890253,10.923028369479375,0.0,,21.230710203668878,14.887424422207243,0.0,,25.840606989154395,345.3169613153403,36.35426622045559,,46.261668889120614,58.70702584831611,66.22413206358324,,28.15334769648249,27.445585524074993,60.250177918329356,,26.933931732748682,109.07677489784948,3.0726636286801634,10000,30.424580993065142,20.468198797400692,7.340137378052475,856,30.335607604389633,11.44583180156539,8.700432582456832,350,54.77010845238463,12.245397343898103,9.053569155052717,400,27.01031297744175,3.8431654494790104,9.152518049141449,60,38.09329489655724,255.68776558506755,0.0,,45.151933215391125,323.22575229872905,263.65413349702067
